date,equity
2020-06-26,991972.0
2020-06-29,996528.0
2020-06-30,999300.0
2020-07-01,998140.0
2020-07-02,1005751.0000000001
2020-07-03,1003622.0000000001
2020-07-06,1010074.0000000001
2020-07-07,1002704.0000000001
2020-07-08,1004154.0000000001
2020-07-09,1003206.0000000001
2020-07-10,1001304.0000000001
2020-07-13,998303.0000000001
2020-07-14,1002413.0
2020-07-15,1002186.0
2020-07-16,995888.0
2020-07-17,996922.0000000001
2020-07-20,1004256.0
2020-07-21,1009534.0000000001
2020-07-22,1003470.0000000001
2020-07-23,1005904.0
2020-07-24,1006814.0000000001
2020-07-27,997046.0000000001
2020-07-28,991676.0000000001
2020-07-29,1000457.0000000001
2020-07-30,1010641.0000000001
2020-07-31,992765.0000000001
2020-08-03,995319.0000000001
2020-08-04,999621.0000000002
2020-08-05,1002250.0000000001
2020-08-06,998319.0000000001
2020-08-07,996336.0000000001
2020-08-10,997191.0000000001
2020-08-11,998966.0000000001
2020-08-12,1008255.0
2020-08-13,1012803.9999999999
2020-08-14,1008911.9999999999
2020-08-18,995704.9999999999
2020-08-19,1003407.0
2020-08-20,996380.0
2020-08-21,998911.0
2020-08-24,994235.0
2020-08-25,1000769.0000000001
2020-08-26,999283.0000000001
2020-08-27,998345.0000000001
2020-08-28,999264.0000000001
2020-08-31,997701.0000000001
2020-09-01,993995.0000000001
2020-09-02,994619.0000000001
2020-09-03,1002158.0000000001
2020-09-04,989518.0000000001
2020-09-07,991975.0000000001
2020-09-08,995825.0000000001
2020-09-09,987718.0000000001
2020-09-10,990007.0000000002
2020-09-11,988866.0000000002
2020-09-14,990030.0000000001
2020-09-15,987430.0000000001
2020-09-16,999095.0
2020-09-17,1007949.0000000001
2020-09-18,1010475.0
2020-09-21,1011006.6987813353
2020-09-22,972460.5694919175
2020-09-23,982695.465624926
2020-09-24,988440.6997181183
2020-09-25,974600.4892957965
2020-09-28,1041954.1624943773
2020-09-29,1053900.5909658119
2020-10-05,1089489.7034803536
2020-10-06,1080730.2894497053
2020-10-07,1089296.6937431714
2020-10-08,1080254.6221432274
2020-10-12,1119122.2101586836
2020-10-13,1100382.7804493543
2020-10-14,1064523.3198011988
2020-10-15,1048543.8620827931
2020-10-16,1022948.8879106287
2020-10-19,1000954.5204732121
2020-10-20,992676.6220238263
2020-10-21,989352.4159928479
2020-10-22,952796.9097768058
2020-10-23,953944.851071975
2020-10-26,905440.2263533181
2020-10-27,897720.5093738316
2020-10-28,937413.9369616206
2020-10-29,930690.204026617
2020-10-30,922875.6634480272
2020-11-02,938810.735651959
2020-11-03,958823.2226173355
2020-11-04,952675.1563549028
2020-11-05,973715.9077389251
2020-11-06,989453.0829629652
2020-11-09,1035820.4779089235
2020-11-10,1086465.6949392543
2020-11-11,1186956.5172315903
2020-11-12,1220033.8131315853
2020-11-13,1161471.1618300206
2020-11-16,1223508.6609086571
2020-11-17,1192397.1052936206
2020-11-18,1210400.811475155
2020-11-19,1212262.3130518792
2020-11-20,1216110.5471167834
2020-11-23,1155950.0172941578
2020-11-24,1196482.0621023858
2020-11-25,1199790.800454078
2020-11-26,1223913.6550628575
2020-11-27,1197024.775892999
2020-11-30,1212830.0540924843
2020-12-01,1216331.1296735632
2020-12-02,1245674.6622953885
2020-12-03,1218530.9026712023
2020-12-04,1207278.4166226296
2020-12-07,1176771.4455153516
2020-12-08,1181598.7064682876
2020-12-09,1213033.7383327475
2020-12-10,1198106.0828058147
2020-12-11,1198688.474556336
2020-12-14,1204047.689175164
2020-12-15,1200205.65214199
2020-12-16,1174503.0767226159
2020-12-17,1148541.585802144
2020-12-18,1146560.9838980718
2020-12-21,1161644.6612334584
2020-12-22,1123545.0771199602
2020-12-23,1060575.4822373714
2020-12-24,1058463.13525309
2020-12-28,1055602.8261459619
2020-12-29,1172510.1589360265
2020-12-30,1198429.396248238
2021-01-04,1225998.1845506784
2021-01-05,1239996.8331180317
2021-01-06,1301267.8700268785
2021-01-07,1358744.910709537
2021-01-08,1413658.5255784602
2021-01-11,1360137.217724409
2021-01-12,1361014.3434085788
2021-01-13,1350909.023470959
2021-01-14,1352378.2956644415
2021-01-15,1333625.8339028847
2021-01-18,1304363.8116710037
2021-01-19,1351260.5671246143
2021-01-20,1335444.6597921592
2021-01-21,1326867.5493469583
2021-01-22,1286020.5342841623
2021-01-25,1281946.9268576826
2021-01-26,1246286.3941012814
2021-01-27,1233025.501840613
2021-01-28,1198460.5094644397
2021-01-29,1151328.004815084
2021-02-01,1205141.2256438667
2021-02-02,1240198.5178111552
2021-02-03,1284146.3306507557
2021-02-04,1303352.956304116
2021-02-05,1274647.0248221986
2021-02-08,1279747.128206441
2021-02-09,1278890.3311772835
2021-02-10,1302409.606010292
2021-02-15,1325687.9196295503
2021-02-16,1302745.4913385499
2021-02-17,1307017.7976618956
2021-02-18,1293957.6341162103
2021-02-19,1299932.652469091
2021-02-22,1305356.897718043
2021-02-23,1307495.4062269472
2021-02-24,1307786.1803407085
2021-02-25,1393938.6204183477
2021-02-26,1418094.1375668827
2021-03-02,1432068.3910764477
2021-03-03,1492309.9500288342
2021-03-04,1475857.894608631
2021-03-05,1499427.5275615472
2021-03-08,1465050.7661269694
2021-03-09,1369490.612637388
2021-03-10,1351282.4303704211
2021-03-11,1358478.7533387556
2021-03-12,1356445.893743181
2021-03-15,1345603.975900116
2021-03-16,1353884.4906527568
2021-03-17,1364536.6749335683
2021-03-18,1374904.2588709996
2021-03-19,1377344.7349704797
2021-03-22,1407010.780937971
2021-03-23,1426667.0681617102
2021-03-24,1458182.5688708234
2021-03-25,1474243.583096473
2021-03-26,1483720.5790681296
2021-03-29,1469171.8938838516
2021-03-30,1458729.2419016093
2021-03-31,1444396.033678371
2021-04-01,1471717.7142753953
2021-04-02,1465939.7394682546
2021-04-05,1472200.9829864595
2021-04-06,1577308.890032822
2021-04-07,1587342.2241910873
2021-04-08,1624988.3050563973
2021-04-09,1632771.432228927
2021-04-12,1628310.4759507226
2021-04-13,1522400.3216877035
2021-04-14,1557217.7312713878
2021-04-15,1497118.9748093558
2021-04-16,1492743.7687247437
2021-04-19,1523890.9876410102
2021-04-20,1529828.517953155
2021-04-21,1593486.8833049813
2021-04-22,1593293.6043234663
2021-04-23,1623383.2761657431
2021-04-26,1700482.2618921322
2021-04-27,1714147.0858852526
2021-04-28,1727846.7000950456
2021-04-29,1712956.4873591193
2021-04-30,1707448.036385938
2021-05-03,1641077.354901978
2021-05-04,1556111.9146279232
2021-05-06,1624297.6468427598
2021-05-07,1630057.3604919107
2021-05-10,1646993.2379681931
2021-05-11,1688376.5872583627
2021-05-12,1726675.2040035506
2021-05-13,1649666.6728405107
2021-05-14,1637086.5304916534
2021-05-17,1547166.9633634023
2021-05-18,1591310.6774788972
2021-05-20,1576466.8516985346
2021-05-21,1534432.538798622
2021-05-24,1555090.19634296
2021-05-25,1558321.8209138932
2021-05-26,1565952.4751041108
2021-05-27,1584569.1066036492
2021-05-28,1572802.2822090075
2021-05-31,1564344.3939779052
2021-06-01,1565447.9118213507
2021-06-02,1603619.89974431
2021-06-03,1630702.6860383374
2021-06-04,1718744.3965058844
2021-06-07,1846032.4676872734
2021-06-08,1736374.329810789
2021-06-09,1703889.0126653588
2021-06-10,1657868.2123760341
2021-06-11,1677367.282667451
2021-06-14,1659348.077157092
2021-06-15,1690171.5014253913
2021-06-16,1718705.3274559893
2021-06-17,1690416.1125252205
2021-06-18,1719814.0440411589
2021-06-21,1770037.2505484722
2021-06-22,1799609.3301563242
2021-06-23,1674997.3083873277
2021-06-24,1717402.7627685084
2021-06-25,1755249.6347437142
2021-06-28,1724088.94629741
2021-06-29,1777355.4104109246
2021-06-30,1758853.1993672058
2021-07-01,1809958.9663403258
2021-07-02,1813248.8680767035
2021-07-05,1800108.9611415903
2021-07-06,1831703.8378170547
2021-07-07,1793694.6377561737
2021-07-08,1778182.849569205
2021-07-09,1820719.1120194248
2021-07-12,1804990.6237180836
2021-07-13,1774755.0477600447
2021-07-14,1788335.646808865
2021-07-15,1856879.8629858263
2021-07-16,1840088.3621234377
2021-07-19,1863310.7343799768
2021-07-20,1855913.7744759342
2021-07-21,1957120.6078919033
2021-07-22,1959362.4690751354
2021-07-23,1922378.4575553387
2021-07-26,1864779.5671552122
2021-07-27,1852324.955395781
2021-07-28,1920957.0909877114
2021-07-29,1995643.3618210966
2021-07-30,2018949.7879262886
2021-08-02,2029604.371949301
2021-08-03,2085475.0827630344
2021-08-04,2054866.5524474606
2021-08-05,2158941.6540183024
2021-08-06,2158505.4420164065
2021-08-09,2106949.4184602634
2021-08-10,2090747.7423976047
2021-08-11,2063075.96894424
2021-08-12,2046374.5548599914
2021-08-13,2017481.2270761451
2021-08-17,1940682.5043345485
2021-08-18,1914479.2917313275
2021-08-19,1829274.806063872
2021-08-20,1818883.6432691892
2021-08-23,1876670.298836882
2021-08-24,1961583.4118273428
2021-08-25,2007001.9748674876
2021-08-26,2017467.331809655
2021-08-27,1990720.3364778569
2021-08-30,2054481.825951133
2021-08-31,2036616.6151860973
2021-09-01,2108672.061790571
2021-09-02,2174046.2651504683
2021-09-03,2199870.862676315
2021-09-06,2257527.078150237
2021-09-07,2359045.045675012
2021-09-08,2360407.890550839
2021-09-09,2295957.53627153
2021-09-10,2243373.238209946
2021-09-13,2172295.245295158
2021-09-14,2144123.573095031
2021-09-15,2197160.1764168334
2021-09-16,2220698.6842473065
2021-09-17,2231653.958096869
2021-09-23,2233707.1190533666
2021-09-24,2242351.7398132733
2021-09-27,2312269.324101658
2021-09-28,2244015.4693385833
2021-09-29,2239733.815611234
2021-09-30,2206106.5288398196
2021-10-01,2175118.536433276
2021-10-05,2187266.405425886
2021-10-06,2077368.932396726
2021-10-07,2093671.4030772988
2021-10-08,2139856.513421746
2021-10-12,2134705.823744988
2021-10-13,2270616.778331884
2021-10-14,2338451.0007057744
2021-10-15,2406357.774717457
2021-10-18,2378666.359226214
2021-10-19,2399184.4165736544
2021-10-20,2384833.4652180695
2021-10-21,2289768.0472669736
2021-10-22,2275078.290473023
2021-10-25,2265869.558658237
2021-10-26,2270932.15892102
2021-10-27,2257445.1614332683
2021-10-28,2256917.6202097908
2021-10-29,2290806.634182343
2021-11-01,2273832.48172021
2021-11-02,2324306.0219007744
2021-11-03,2281201.500004669
2021-11-04,2288102.966784183
2021-11-05,2264505.168001996
2021-11-08,2326979.1968094814
2021-11-09,2287091.6325506605
2021-11-10,2178702.6907358244
2021-11-11,2182433.6735865567
2021-11-12,2163408.9012087137
2021-11-15,2100731.589138209
2021-11-16,2103242.9844500963
2021-11-17,2142795.9783385303
2021-11-18,2144280.793172169
2021-11-19,2154123.091156699
2021-11-22,2067675.1895304408
2021-11-23,2056297.2558965168
2021-11-24,2064232.079263047
2021-11-25,2122030.6025013477
2021-11-26,2043471.7855074399
2021-11-29,2015979.4852854
2021-11-30,2011087.0459535765
2021-12-01,2025047.456068543
2021-12-02,2032441.96483034
2021-12-03,2049274.0682683443
2021-12-06,2040435.589242983
2021-12-07,2020697.2671732476
2021-12-08,2023126.224184813
2021-12-09,2030912.6967452993
2021-12-10,2026580.7859546063
2021-12-13,2026926.0390415343
2021-12-14,2015219.9284941575
2021-12-15,2042104.9894633058
2021-12-16,2029759.1452548564
2021-12-17,2026513.7662377316
2021-12-20,2029480.9118848029
2021-12-21,2034497.2361478182
2021-12-22,2036331.1393095602
2021-12-23,2011068.767848974
2021-12-24,2015624.0776959148
2021-12-27,2018790.2515930973
2021-12-28,2060584.6228535087
2021-12-29,2184607.6122142905
2021-12-30,2274080.876535327
2022-01-03,2332697.6705776355
2022-01-04,2364817.285279837
2022-01-05,2185112.549388649
2022-01-06,2158887.0743376017
2022-01-07,2273114.6063341056
2022-01-10,2247498.317903206
2022-01-11,2262441.529376303
2022-01-12,2265028.462720224
2022-01-13,2252175.131896147
2022-01-14,2194418.520160505
2022-01-17,2202443.016437699
2022-01-18,2196721.355736742
2022-01-19,2184252.8296504063
2022-01-20,2191227.764328431
2022-01-21,2187244.3016345366
2022-01-24,2195614.2232481665
2022-01-25,2197334.7071354124
2022-01-26,2200780.1034398586
2022-01-27,2210863.866145803
2022-01-28,2215365.4668443506
2022-02-03,2238420.393786444
2022-02-04,2214543.9745378275
2022-02-07,2214198.549201392
2022-02-08,2199511.3296079515
2022-02-09,2213033.845823411
2022-02-10,2196096.9330131854
2022-02-11,2171511.948971881
2022-02-14,2208959.5982654537
2022-02-15,2201563.9532417706
2022-02-16,2223387.7488565682
2022-02-17,2216160.3879711484
2022-02-18,2239381.384786528
2022-02-21,2233710.652180045
2022-02-22,2202795.0845690668
2022-02-23,2209858.5898461775
2022-02-24,2196882.9970800746
2022-02-25,2206747.547553281
2022-02-28,2215146.254611613
2022-03-02,2222634.898764337
2022-03-03,2279110.4386583846
2022-03-04,2279737.160535727
2022-03-07,2313852.6296849702
2022-03-08,2258492.1971863983
2022-03-10,2279269.3898591604
2022-03-11,2269255.464210321
2022-03-14,2272184.7077674647
2022-03-15,2261762.050459489
2022-03-16,2261571.309018559
2022-03-17,2277679.877851408
2022-03-18,2279360.219116746
2022-03-21,2264886.576920442
2022-03-22,2264491.4696499435
2022-03-23,2278524.5899469564
2022-03-24,2272064.3590011634
2022-03-25,2273229.244229702
2022-03-28,2264430.159901073
2022-03-29,2255685.573126996
2022-03-30,2255578.8487493326
2022-03-31,2247370.154595012
2022-04-01,2241293.677262519
2022-04-04,2252872.136873274
2022-04-05,2255708.2804413917
2022-04-06,2264312.081866211
2022-04-07,2256702.8608119567
2022-04-08,2242020.311323205
2022-04-11,2243995.847675697
2022-04-12,2260199.7872290118
2022-04-13,2263399.247827473
2022-04-14,2268601.4935557023
2022-04-15,2259786.5141069964
2022-04-18,2256416.7486505616
2022-04-19,2259062.1507777493
2022-04-20,2268145.0765363337
2022-04-21,2247222.5570514346
2022-04-22,2285987.3183491267
2022-04-25,2291919.0590731767
2022-04-26,2367035.0894135498
2022-04-27,2210541.0917060236
2022-04-28,2222482.586566307
2022-04-29,2222854.510973229
2022-05-02,2219861.8801965597
2022-05-03,2191110.309276118
2022-05-04,2173182.5225347597
2022-05-06,2176486.16874017
2022-05-09,2180234.7059679083
2022-05-10,2194938.134012786
2022-05-11,2205285.1539281304
2022-05-12,2169522.0825391654
2022-05-13,2184014.0772268972
2022-05-16,2192944.934135522
2022-05-17,2227296.247379375
2022-05-18,2222842.9322944824
2022-05-19,2222118.332560096
2022-05-20,2200406.7696981416
2022-05-23,2204164.1166490945
2022-05-24,2192196.107662296
2022-05-25,2186405.917079614
2022-05-26,2199479.5463298233
2022-05-27,2199831.9352584006
2022-05-30,2207309.187836645
2022-05-31,2203126.7717405963
2022-06-02,2202060.7952316506
2022-06-03,2199567.6435619676
2022-06-07,2205888.619968319
2022-06-08,2192156.4639078313
2022-06-09,2189370.388941269
2022-06-10,2190819.588410042
2022-06-13,2171753.1449432196
2022-06-14,2183954.6115952004
2022-06-15,2171794.991128488
2022-06-16,2171189.322657496
2022-06-17,2182498.804834016
2022-06-20,2202430.8036066564
2022-06-21,2201285.539588781
2022-06-22,2182146.4159054393
2022-06-23,2191528.7711288035
2022-06-24,2213174.2610666496
2022-06-27,2226648.732723115
2022-06-28,2226802.902879367
2022-06-29,2216662.911459562
2022-06-30,2195347.7861422566
2022-07-01,2194546.101329744
2022-07-04,2199127.1574012456
2022-07-05,2425756.252404053
2022-07-06,2251265.857155815
2022-07-07,2270245.020817533
2022-07-08,2260962.7138034925
2022-07-11,2248841.642993896
2022-07-12,2243001.9003287517
2022-07-13,2245484.6921562934
2022-07-14,2262021.617758977
2022-07-15,2256772.1577243377
2022-07-18,2264756.744146124
2022-07-19,2260935.67795782
2022-07-20,2291472.665644302
2022-07-21,2267523.4123532213
2022-07-22,2253072.752841557
2022-07-25,2242100.705473019
2022-07-26,2249152.5552191227
2022-07-27,2261552.996433996
2022-07-28,2263733.8879848677
2022-07-29,2257398.488149071
2022-08-01,2235501.7061419203
2022-08-02,2234485.6089420826
2022-08-03,2252146.775127292
2022-08-04,2238304.422143247
2022-08-05,2251795.3091335567
2022-08-08,2249359.8300359407
2022-08-09,2252707.7689249855
2022-08-10,2248719.981688371
2022-08-11,2274135.9296071557
2022-08-12,2422851.5377967083
2022-08-16,2421630.6927012233
2022-08-17,2410327.0182499452
2022-08-18,2411321.066035202
2022-08-19,2410243.557470897
2022-08-22,2382392.1452226057
2022-08-23,2417409.9601519587
2022-08-24,2465901.485777301
2022-08-25,2421371.745582651
2022-08-26,2458140.511928999
2022-08-29,2461169.359482103
2022-08-30,2471706.5090327314
2022-08-31,2530262.816161268
2022-09-01,2487131.0321135563
2022-09-02,2533219.32346764
2022-09-05,2642474.076188795
2022-09-06,2747623.4184984197
2022-09-07,2921264.9321015743
2022-09-08,3021978.792857428
2022-09-13,3261906.7833692795
2022-09-14,3167375.131014826
2022-09-15,3233537.5300853807
2022-09-16,3357714.148642104
2022-09-19,3189829.763468915
2022-09-20,3218945.8930600756
2022-09-21,3100570.8169158893
2022-09-22,3174417.6094768043
2022-09-23,3081180.9442680064
2022-09-26,2848606.071465069
2022-09-27,2955708.133926422
2022-09-28,2796599.387695537
2022-09-29,2797526.9598835884
2022-09-30,2803208.0383756
2022-10-04,3019488.503559561
2022-10-05,3168073.521693285
2022-10-06,3189855.8078028164
2022-10-07,3196493.369823805
2022-10-11,3131970.4847116102
2022-10-12,2981233.9809572897
2022-10-13,2929269.459559942
2022-10-14,3011583.661094638
2022-10-17,2896935.73865153
2022-10-18,2931346.2575498126
2022-10-19,2987476.209010865
2022-10-20,2907211.0987643185
2022-10-21,2766392.389586913
2022-10-24,2875003.864972458
2022-10-25,2860284.378523373
2022-10-26,2761273.877603759
2022-10-27,2836398.7923614564
2022-10-28,2864760.8178101233
2022-10-31,2964384.480085216
2022-11-01,3119845.5788025702
2022-11-02,3040067.887159538
2022-11-03,3250970.0960206236
2022-11-04,3208807.7238364853
2022-11-07,3219898.8369993246
2022-11-08,3174538.1477252184
2022-11-09,3270594.8733135327
2022-11-10,3302092.5746134943
2022-11-11,3374192.640326781
2022-11-14,3378665.4656959157
2022-11-15,3487822.6426414447
2022-11-16,3439424.911790278
2022-11-17,3494549.2018230255
2022-11-18,3470372.0929734353
2022-11-21,3582909.4875289267
2022-11-22,3504041.758760483
2022-11-23,3526676.9294273388
2022-11-24,3565610.868541377
2022-11-25,3597341.065207954
2022-11-28,3469950.4692515936
2022-11-29,3504126.083504851
2022-11-30,3554151.6842021244
2022-12-01,3655624.4676572923
2022-12-02,3549242.779440685
2022-12-05,3447155.6299908343
2022-12-06,3380448.7339995014
2022-12-07,3408191.5748966644
2022-12-08,3318253.2118318714
2022-12-09,3260563.040291918
2022-12-12,3240668.423817031
2022-12-13,3243092.8398506497
2022-12-14,3236938.0556799704
2022-12-15,3224554.1385802478
2022-12-16,3177627.366030547
2022-12-19,3168777.54649037
2022-12-20,3165623.502697492
2022-12-21,3195647.774016364
2022-12-22,3224657.5841217344
2022-12-23,3119727.009038171
2022-12-26,3090339.1388532347
2022-12-27,3187456.4722924326
2022-12-28,3295198.34336508
2022-12-29,3283095.746268292
2023-01-02,3317229.996330878
2023-01-03,3319759.6920936834
2023-01-04,3340587.714646526
2023-01-05,3210653.8739525415
2023-01-06,3297128.267588095
2023-01-09,3341108.4152103476
2023-01-10,3337895.311731159
2023-01-11,3375715.9526838213
2023-01-12,3309649.366054911
2023-01-13,3375470.9973273952
2023-01-16,3358214.21864154
2023-01-17,3356942.9472649917
2023-01-18,3294676.0498416177
2023-01-19,3354086.714172227
2023-01-20,3420009.945554725
2023-01-25,3477922.0082626296
2023-01-26,3391017.0841608928
2023-01-27,3466189.735558778
2023-01-30,3605592.3260346283
2023-01-31,3740837.312479588
2023-02-01,3600946.6610042443
2023-02-02,3643569.177156437
2023-02-03,3546214.681739774
2023-02-06,3614161.025312923
2023-02-07,3682927.789774434
2023-02-08,3635234.1581311743
2023-02-09,3571742.979382133
2023-02-10,3563241.4663134385
2023-02-13,3870807.813604607
2023-02-14,3907531.6787282834
2023-02-15,3749221.8350711893
2023-02-16,3771614.820861354
2023-02-17,3882501.9202621966
2023-02-20,3830636.7744467105
2023-02-21,4014672.9879522366
2023-02-22,4043964.305405797
2023-02-23,4356542.099149192
2023-02-24,4368789.384394205
2023-02-27,4415114.320743443
2023-02-28,4554585.230191617
2023-03-02,4423664.4328096965
2023-03-03,4423518.844643072
2023-03-06,4600448.056856784
2023-03-07,4429549.259755372
2023-03-08,4443193.680564312
2023-03-09,4267826.348418864
2023-03-10,4166806.040029803
2023-03-13,4200039.731784861
2023-03-14,3894140.5002261507
2023-03-15,4063547.6571642486
2023-03-16,3976732.41173455
2023-03-17,3997555.350829435
2023-03-20,4046638.9964088798
2023-03-21,4320612.938391452
2023-03-22,4481194.132000218
2023-03-23,4693695.38625925
2023-03-24,4803969.4828532515
2023-03-27,5127480.437074495
2023-03-28,5108635.983158891
2023-03-29,5282601.071383689
2023-03-30,5057035.194803854
2023-03-31,4869366.939667794
2023-04-03,5108150.689270141
2023-04-04,4905431.938136949
2023-04-05,5219544.793075808
2023-04-06,5240840.255167634
2023-04-07,5294797.273061466
2023-04-10,5577161.690962677
2023-04-11,5780648.800357583
2023-04-12,5490736.78539714
2023-04-13,5477927.580912522
2023-04-14,5766817.92452823
2023-04-17,6025377.400097109
2023-04-18,6146981.831904225
2023-04-19,6087162.974669975
2023-04-20,5928574.040183443
2023-04-21,5770738.588313652
2023-04-24,5722605.097084812
2023-04-25,5824380.626095016
2023-04-26,5488742.433011766
2023-04-27,5647874.130400189
2023-04-28,5376901.347992777
2023-05-02,5692342.375679792
2023-05-03,5607415.945148672
2023-05-04,5515325.044312596
2023-05-08,5528268.343161211
2023-05-09,5671755.698083376
2023-05-10,5628922.12695535
2023-05-11,5515921.321609981
2023-05-12,5385275.098401958
2023-05-15,5432036.995850491
2023-05-16,5200822.5538234515
2023-05-17,5393236.472355806
2023-05-18,5595407.352230384
2023-05-19,5251934.2170221945
2023-05-22,5251014.712811933
2023-05-23,5280124.683601802
2023-05-24,5247615.101412326
2023-05-25,5218580.08872234
2023-05-26,5658556.467886681
2023-05-30,5507677.320785357
2023-05-31,5561580.70093359
2023-06-01,5559810.655328835
2023-06-02,5622607.684532989
2023-06-05,5648812.277436268
2023-06-07,5734573.9242917085
2023-06-08,5605508.737489663
2023-06-09,5760106.768285823
2023-06-12,5743663.451748108
2023-06-13,5767062.279720907
2023-06-14,5777262.391008908
2023-06-15,5973396.47032528
2023-06-16,6114261.961159017
2023-06-19,5995100.600954999
2023-06-20,6150209.4674235275
2023-06-21,5972740.046486287
2023-06-22,6040802.51438337
2023-06-23,6125430.106046154
2023-06-26,6100536.5437798025
2023-06-27,6018049.353584238
2023-06-28,5822820.730497138
2023-06-29,5686555.314893071
2023-06-30,5596418.360503801
2023-07-03,5734011.948856023
2023-07-04,5910990.967547791
2023-07-05,5897057.924583964
2023-07-06,5717984.479635489
2023-07-07,5704038.665779852
2023-07-10,5704664.688960468
2023-07-11,5801960.607981857
2023-07-12,5920346.603226694
2023-07-13,6103812.159922277
2023-07-14,6040128.514555283
2023-07-17,6000521.2718656715
2023-07-18,6179567.504097567
2023-07-19,6030428.958740106
2023-07-20,5987688.469848169
2023-07-21,5886519.056267768
2023-07-24,5825332.889981067
2023-07-25,5717848.401877291
2023-07-26,5739712.771951813
2023-07-27,5739196.29076895
2023-07-28,5797214.343643866
2023-07-31,5746713.961319508
2023-08-01,5865877.714325156
2023-08-02,5842387.50472514
2023-08-03,5827047.437638389
2023-08-04,5837785.484599115
2023-08-07,5848277.622087457
2023-08-08,5823862.324472286
2023-08-09,5838476.373116763
2023-08-10,5841310.187036606
2023-08-11,5866837.932264939
2023-08-14,5830794.629598513
2023-08-16,5808217.798038777
2023-08-17,5788064.931278245
2023-08-18,5761436.448411626
2023-08-21,5833792.383166611
2023-08-22,5827527.546608281
2023-08-23,5777397.14416677
2023-08-24,6253079.460816376
2023-08-25,6322482.612846215
2023-08-28,6362737.455318767
2023-08-29,6347776.600478575
2023-08-30,6342578.337356135
2023-08-31,6609234.078761711
2023-09-01,6625273.854695962
2023-09-04,6692068.329647501
2023-09-05,6851480.57599805
2023-09-06,6801031.396166171
2023-09-07,6854379.466317595
2023-09-08,6923986.8999950895
2023-09-11,6829475.111759108
2023-09-12,6749927.633490614
2023-09-13,6735851.5539743
2023-09-14,6784527.938775656
2023-09-15,6774798.086123483
2023-09-18,6714303.490051927
2023-09-19,6710933.638645565
2023-09-20,6728108.354163302
2023-09-21,6726955.688692314
2023-09-22,6739295.98961702
2023-09-25,6715157.818577483
2023-09-26,6723429.888428111
2023-09-27,6723226.476874406
2023-10-04,6663437.040855691
2023-10-05,6740163.878912823
2023-10-06,6768119.40677687
2023-10-10,6787118.045892819
2023-10-11,6855260.916383644
2023-10-12,6818470.546703721
2023-10-13,6799465.127202649
2023-10-16,6780385.123465218
2023-10-17,6713666.13385032
2023-10-18,6747296.844062707
2023-10-19,6764112.199168901
2023-10-20,6742211.555220108
2023-10-23,6710818.372098464
2023-10-24,6784155.017593863
2023-10-25,6795837.621161594
2023-10-26,6765536.080044828
2023-10-27,6763983.371851554
2023-10-30,6772492.7551815035
2023-10-31,6746842.558259435
2023-11-01,6744103.282669555
2023-11-02,6786901.0735688675
2023-11-03,6770092.498847797
2023-11-06,6765332.668491124
2023-11-07,6739072.236907944
2023-11-08,6698410.2673225235
2023-11-09,6669363.097453598
2023-11-10,6780385.123465217
2023-11-13,6749703.880781537
2023-11-14,6720900.804777057
2023-11-15,6811812.2085124785
2023-11-16,6767861.752142177
2023-11-17,6722663.704909158
2023-11-20,6784880.518802075
2023-11-21,6828512.297071573
2023-11-22,6819928.329505267
2023-11-23,6814273.488312297
2023-11-24,6831794.003471331
2023-11-27,6774431.945326815
2023-11-28,6796983.50624746
2023-11-29,6769536.507267673
2023-11-30,6759094.714177536
2023-12-01,6801200.905794255
2023-12-04,6766451.432036496
2023-12-05,6768661.837586746
2023-12-06,6797132.6747201765
2023-12-07,6758423.456050313
2023-12-08,6795295.190351717
2023-12-11,6800922.910004193
2023-12-12,6816009.266903902
2023-12-13,6770824.7804411305
2023-12-14,6781327.596997377
2023-12-15,6788548.707153868
2023-12-18,6779415.528392561
2023-12-19,6841612.001130107
2023-12-20,6909619.263918463
2023-12-21,6829610.719461573
2023-12-22,6830275.197203673
2023-12-26,6775232.030771383
2023-12-27,6800319.455728204
2023-12-28,6750619.232773203
2024-01-02,6788521.585613375
2024-01-03,6925084.721648479
2024-01-04,6921308.775780623
2024-01-05,7163541.1696795095
2024-01-08,7163372.845364529
2024-01-09,7206209.426267759
2024-01-10,7191702.219027754
2024-01-11,7108044.593576296
2024-01-12,7120221.708257005
2024-01-15,7105798.466854448
2024-01-16,7070411.376047981
2024-01-17,7039015.044983161
2024-01-18,7093571.909132692
2024-01-19,7522973.0768901585
2024-01-22,8143417.570777475
2024-01-23,7860162.666071976
2024-01-24,7737821.468476774
2024-01-25,7492360.813321376
2024-01-26,7808854.60897752
2024-01-29,7742315.29766119
2024-01-30,7807289.525036451
2024-01-31,7711974.363437302
2024-02-01,7735876.759269962
2024-02-02,7726145.346250247
2024-02-05,7737713.021121612
2024-02-06,7719970.237829297
2024-02-07,7704861.7542397715
2024-02-08,7688900.997216991
2024-02-13,7726013.631265108
2024-02-14,7719737.799620228
2024-02-15,7762816.34770113
2024-02-16,7733606.612761381
2024-02-19,7718343.170365809
2024-02-20,7672242.925567001
2024-02-21,7790978.963742947
2024-02-22,7780786.786136489
2024-02-23,8024405.045594171
2024-02-26,7989218.188118471
2024-02-27,8083036.282970078
2024-02-28,8093577.733122509
2024-02-29,8067731.298376175
2024-03-04,8067309.315768071
2024-03-05,8204421.203201056
2024-03-06,8168625.716963668
2024-03-07,8161906.455434637
2024-03-08,8110724.834101787
2024-03-11,8126500.49160473
2024-03-12,8175669.580498934
2024-03-13,8145806.195925461
2024-03-14,8136636.189249368
2024-03-15,8158790.276174798
2024-03-18,8127141.580567042
2024-03-19,8106756.574575585
2024-03-20,8058098.733841199
2024-03-21,8054763.448227151
2024-03-22,8121420.470207179
2024-03-25,8075083.533817362
2024-03-26,8046713.318472563
2024-03-27,8080699.1485252
2024-03-28,8108996.328418596
2024-03-29,8081989.441499977
2024-04-01,8131694.123704466
2024-04-02,8109028.788619219
2024-04-03,8140003.935064041
2024-04-04,8246992.756318567
2024-04-05,8240914.583751847
2024-04-08,8122597.152479774
2024-04-09,8120162.637433023
2024-04-11,8183703.4801532095
2024-04-12,8193766.1423464455
2024-04-15,8326528.362895904
2024-04-16,8184352.684165678
2024-04-17,8230283.868047704
2024-04-18,8122353.7009751005
2024-04-19,8141667.520345989
2024-04-22,8166986.476832194
2024-04-23,8150918.677523642
2024-04-24,8233367.5871069245
2024-04-25,8122751.3384327395
2024-04-26,8239494.44997458
2024-04-29,8250961.0158447735
2024-04-30,8312812.021008519
2024-05-02,8439992.672541142
2024-05-03,8371465.998297159
2024-05-07,9263731.096275356
2024-05-08,9226510.909608008
2024-05-09,9410369.20246085
2024-05-10,9772950.651149437
2024-05-13,9713393.25557149
2024-05-14,9773371.146240165
2024-05-16,10250505.651463997
2024-05-17,9981477.989325106
2024-05-20,9791159.362805594
2024-05-21,10162277.0801513
2024-05-22,9843796.646887463
2024-05-23,9716080.81978482
2024-05-24,10019461.656608807
2024-05-27,10149827.877010597
2024-05-28,10269783.65834795
2024-05-29,10114684.681245947
2024-05-30,9752829.542259531
2024-05-31,9990256.361216284
2024-06-03,10125936.110491844
2024-06-04,9782725.30692752
2024-06-05,9784950.108225748
2024-06-07,9914849.961345091
2024-06-10,10083445.55663198
2024-06-11,10001719.150179727
2024-06-12,10298904.692666959
2024-06-13,10955152.267356122
2024-06-14,11039238.543226654
2024-06-17,10658715.970666919
2024-06-18,10786625.480356807
2024-06-19,10438331.121736178
2024-06-20,10427683.676347874
2024-06-21,10351038.889355715
2024-06-24,10326606.850356752
2024-06-25,10260377.599339223
2024-06-26,10316367.157783702
2024-06-27,10238560.275268072
2024-06-28,9826080.075812854
2024-07-01,9503481.339114957
2024-07-02,9097912.549878284
2024-07-03,9039880.80539039
2024-07-04,8966880.309184559
2024-07-05,8897829.918376496
2024-07-08,8909004.893969534
2024-07-09,8897231.031429093
2024-07-10,8932731.01090709
2024-07-11,8967925.175773647
2024-07-12,8747139.76858942
2024-07-15,8692551.860447375
2024-07-16,8400486.164246669
2024-07-17,8206419.968810527
2024-07-18,8167861.843218129
2024-07-19,8050072.24871181
2024-07-22,7874585.630847139
2024-07-23,7838346.599391496
2024-07-24,7839467.9196334435
2024-07-25,7540355.74509414
2024-07-26,7607748.204758011
2024-07-29,7607352.226463941
2024-07-30,7534096.242060955
2024-07-31,7595625.176985708
2024-08-01,7606499.350138252
2024-08-02,7520023.782687075
2024-08-05,7635375.305736601
2024-08-06,7703475.957349482
2024-08-07,7723724.155117417
2024-08-08,7732138.693866409
2024-08-09,7749188.6054130085
2024-08-12,7743591.60452567
2024-08-13,7708524.680598877
2024-08-14,7711524.9776731795
2024-08-16,7615271.792345348
2024-08-19,7621820.664131893
2024-08-20,7628597.984934248
2024-08-21,7642990.272930261
2024-08-22,7597757.367799935
2024-08-23,7588314.8084798
2024-08-26,7585116.522258463
2024-08-27,7563261.566412666
2024-08-28,7537979.875329723
2024-08-29,7513916.578997765
2024-08-30,7609484.417278167
2024-09-02,7619612.323645731
2024-09-03,7634035.071510518
2024-09-04,7564799.789785783
2024-09-05,7597924.897078194
2024-09-06,7513353.071425432
2024-09-09,7548458.070188194
2024-09-10,7560444.028551011
2024-09-11,7542061.497745521
2024-09-12,7608585.851149314
2024-09-13,7634705.188623559
2024-09-19,7602615.716869486
2024-09-20,7568272.214826089
2024-09-23,7529984.159776378
2024-09-24,7576207.01064188
2024-09-25,7512682.954312389
2024-09-26,7541140.086715088
2024-09-27,7568706.267956129
2024-09-30,7576382.154887336
2024-10-02,7537751.426313912
2024-10-04,7594749.4557584375
2024-10-07,7602570.027066324
2024-10-08,7607481.680906233
2024-10-10,7766479.157769528
2024-10-11,7753784.490516676
2024-10-14,7770885.705776224
2024-10-15,8157077.158685113
2024-10-16,8046166.082057493
2024-10-17,7952974.660695836
2024-10-18,7988746.392940542
2024-10-21,8329192.297748533
2024-10-22,7885226.063007783
2024-10-23,7729628.174078804
2024-10-24,7647298.42983834
2024-10-25,7508971.310333122
2024-10-28,7408119.357351239
2024-10-29,7313939.480296649
2024-10-30,7384854.374963915
2024-10-31,7317371.870019356
2024-11-01,7225269.727811081
2024-11-04,7472435.794349103
2024-11-05,7646360.92140117
2024-11-06,7484299.529764507
2024-11-07,7240554.517448125
2024-11-08,7150534.769284662
2024-11-11,7332093.222754397
2024-11-12,6986281.091741885
2024-11-13,7154177.99932719
2024-11-14,6962517.347307669
2024-11-15,7039915.496604438
2024-11-18,6991737.606705249
2024-11-19,7012589.0533931125
2024-11-20,6968326.928130142
2024-11-21,7006925.179544297
2024-11-22,6812232.590304973
2024-11-25,7214016.730611536
2024-11-26,7224536.781728156
2024-11-27,7112155.7347932095
2024-11-28,7119604.356223102
2024-11-29,6959568.675473325
2024-12-02,6912746.128104538
2024-12-03,6914400.863737117
2024-12-04,6622571.1329154875
2024-12-05,6712957.60022019
2024-12-06,6393515.0463007195
2024-12-09,6432833.163129131
2024-12-10,6469521.909089489
2024-12-11,6887895.895647597
2024-12-12,7053144.531870661
2024-12-13,7515533.776935586
2024-12-16,7443333.515708556
2024-12-17,7404475.771494527
2024-12-18,7378599.996277697
2024-12-19,7320324.40030385
2024-12-20,7313146.480830017
2024-12-23,7376432.6613291
2024-12-24,7373934.7159646135
2024-12-26,7323608.463768339
2024-12-27,7362884.981175826
2024-12-30,7347779.758618813
2025-01-02,7340579.798450587
2025-01-03,7335804.314665539
2025-01-06,7378489.792805738
2025-01-07,7338449.197992642
2025-01-08,7329890.06167021
2025-01-09,7363208.244693583
2025-01-10,7351820.552590776
2025-01-13,7333872.080457127
2025-01-14,7305645.297838428
2025-01-15,7328751.29245993
2025-01-16,7388834.225373966
2025-01-17,7389826.056621629
2025-01-20,7354414.007630965
2025-01-21,7370871.059444053
2025-01-22,7411132.061201073
2025-01-23,7317143.193413197
2025-01-24,7319567.669796376
2025-01-31,7407950.854310418
2025-02-03,7326914.567927218
2025-02-04,7327502.319777685
2025-02-05,7361738.865067415
2025-02-06,7458203.637525384
2025-02-07,7418016.104749672
2025-02-10,7412505.93115154
2025-02-11,7399061.107572097
2025-02-12,7387306.070562748
2025-02-13,7395167.25156275
2025-02-14,7403763.122375837
2025-02-17,7360122.547478628
2025-02-18,7407436.571441257
2025-02-19,7380767.331226297
2025-02-20,7330000.265142171
2025-02-21,7364457.217375825
2025-02-24,7323314.587843103
2025-02-25,7344400.185478623
2025-02-26,7315159.530917868
2025-02-27,7304065.714740295
2025-02-28,7314351.372123475
2025-03-04,7358726.636833767
2025-03-05,7439836.392198275
2025-03-06,7450268.987544072
2025-03-07,7387379.539544054
2025-03-10,7467387.260188935
2025-03-11,7364383.748394515
2025-03-12,7357698.071095448
2025-03-13,7331322.706805722
2025-03-14,7367028.6317216195
2025-03-17,7324930.905431889
2025-03-18,7362914.368768347
2025-03-19,7309135.074450576
2025-03-20,7299731.044843096
2025-03-21,7335436.969758993
2025-03-24,7415885.504291725
2025-03-25,7311706.48879637
2025-03-26,7287020.911076738
2025-03-27,7265457.765062713
2025-03-28,7281804.613403838
2025-03-31,7322432.9600674
2025-04-01,7427236.461903877
2025-04-02,7435758.863735654
2025-04-03,7373310.229623488
2025-04-04,7246245.626450556
2025-04-07,7297380.037441224
2025-04-08,7358080.109798249
2025-04-09,7455485.285216968
2025-04-10,7398870.08822069
2025-04-11,7411594.915783311
2025-04-14,7450606.944858087
2025-04-15,7478965.9716431415
2025-04-16,7391890.5349963885
2025-04-17,7341314.488263665
2025-04-18,7296498.409665522
2025-04-21,7272547.521758974
2025-04-22,7324343.153581418
2025-04-23,7273355.680553366
2025-04-24,7285257.655525332
2025-04-25,7380466.108402928
2025-04-28,7355655.633415071
2025-04-29,7359461.326646848
2025-04-30,7404769.647419757
2025-05-02,7388959.122642183
2025-05-07,7385579.549501996
2025-05-08,7413945.923185181
2025-05-09,7408046.363986114
2025-05-12,7437029.877112289
2025-05-13,7405967.191815084
2025-05-14,7390347.686388912
2025-05-15,7384764.043809471
2025-05-16,7373097.169577693
2025-05-19,7323939.074184222
2025-05-20,7346016.503067407
2025-05-21,7379738.765487976
2025-05-22,7328310.478572074
2025-05-23,7302743.273076741
2025-05-26,7295763.71985244
2025-05-27,7399648.859422562
2025-05-28,7423746.685291726
2025-05-29,7416840.601048733
2025-05-30,7311045.267964593
2025-06-02,7297159.630497299
2025-06-04,7335510.4387403
2025-06-05,7327796.195702914
2025-06-09,7286543.362698231
2025-06-10,7317730.9452636605
2025-06-11,7907516.146288747
2025-06-12,8052620.242345042
2025-06-13,7844895.736772152
2025-06-16,8417675.063310154
2025-06-17,8480468.648738025
2025-06-18,8556673.0760635
2025-06-19,8654656.006662201
2025-06-20,8610738.595563171
2025-06-23,8853687.081489146
2025-06-24,9008454.393394515
2025-06-25,8908549.210180676
2025-06-26,8515820.878594015
2025-06-27,8459452.119474402
2025-06-30,8579913.283356437
2025-07-01,8750145.204138556
2025-07-02,8603739.85749973
2025-07-03,8357397.123712789
2025-07-04,8008291.804175992
2025-07-07,7783855.823165183
2025-07-08,7644639.708092197
2025-07-09,7824933.14931932
2025-07-10,7963144.844106918
2025-07-11,8003737.277709491
2025-07-14,7936648.929682031
2025-07-15,7947143.389905222
2025-07-16,8017252.864726378
2025-07-17,7974651.590553029
2025-07-18,8055455.470753372
2025-07-21,8062902.034938144
2025-07-22,8051091.4377892725
2025-07-23,7921729.032067765
2025-07-24,7748934.107798794
2025-07-25,7883110.803853713
2025-07-28,7669723.445982171
2025-07-29,7574615.235510616
2025-07-30,7479733.397069185
2025-07-31,7539621.090705881
2025-08-01,7047746.08639676
2025-08-04,7018254.228706837
2025-08-05,7128359.473094702
2025-08-06,7084130.34535538
2025-08-07,7051954.261040714
2025-08-08,6984762.00746649
2025-08-11,7070622.624276027
2025-08-12,7025354.441069063
2025-08-13,7012022.686201206
2025-08-14,7179726.238678727
2025-08-18,6845358.189191327
2025-08-19,6690625.512468212
2025-08-20,6741954.852569759
2025-08-21,6721693.270950728
2025-08-22,6718981.571312419
2025-08-25,6798454.1275175
2025-08-26,6759337.981951112
2025-08-27,6784712.455509829
2025-08-28,6767705.4356983565
2025-08-29,6785392.736302289
2025-09-01,6821175.505985629
2025-09-02,6850495.608140609
2025-09-03,6811719.602970451
2025-09-04,6841311.817442414
2025-09-05,6912877.356809093
2025-09-08,6829066.763178153
2025-09-09,6776753.170238062
2025-09-10,6948047.87377922
2025-09-11,6896346.533552341
2025-09-12,6870836.003835131
2025-09-15,6880700.075325785
2025-09-16,6855325.601767068
2025-09-17,6837638.301163136
2025-09-18,6813297.854408956
2025-09-19,6829202.819336645
2025-09-22,6795358.849911814
2025-09-23,6763691.779022851
2025-09-24,6801005.180489223
2025-09-25,6775358.594613522
2025-09-26,6782841.68333057
2025-09-29,6736072.378849019
2025-09-30,6720766.061018693
2025-10-01,6794508.498921241
2025-10-02,6786889.3540457
2025-10-10,6849747.299268904
2025-10-13,6840903.648966938
2025-10-14,6827978.313910219
2025-10-15,6876958.530967261
2025-10-16,6881040.215722014
2025-10-17,6864713.476703
2025-10-20,6900768.358703324
2025-10-21,6884373.5916050635
2025-10-22,6897503.0108995205
2025-10-23,7151385.463900591
2025-10-24,7328238.011655038
2025-10-27,7311650.626946625
2025-10-28,7290021.393289072
2025-10-29,7312515.796292927
2025-10-30,7272430.731227657
2025-10-31,7102410.037966423
2025-11-03,6984896.173998008
2025-11-04,7257126.183825831
2025-11-05,7218730.564905458
2025-11-06,7249488.826837786
2025-11-07,7249488.826837786
2025-11-10,7249488.826837786
2025-11-11,7249488.826837786
2025-11-12,7249488.826837786
2025-11-13,7226680.188487046
2025-11-14,7010999.437139074
2025-11-17,7087745.92484122
2025-11-18,6787830.495931729
2025-11-19,6805162.572782305
