as_of_date,ticker,name,weight_pct
2018-03-30,005930,삼성전자,28.97
2018-03-30,000660,SK하이닉스,7.95
2018-03-30,005380,현대차,4.12
2018-03-30,005490,POSCO,3.65
2018-03-30,105560,KB금융,2.64
2018-03-30,015760,한국전력,2.63
2018-03-30,055550,신한지주,2.57
2018-03-30,012330,현대모비스,2.4
2018-03-30,000270,기아차,1.95
2018-03-30,086790,하나금융지주,1.71
2018-03-30,096770,SK이노베이션,1.68
2018-03-30,267250,현대로보틱스,1.47
2018-03-30,000030,우리은행,1.3
2018-03-30,017670,SK텔레콤,1.26
2018-03-30,034220,LG디스플레이,1.14
2018-03-30,051910,LG화학,1.13
2018-03-30,066570,LG전자,1.09
2018-03-30,030200,KT,0.99
2018-03-30,006400,삼성SDI,0.96
2018-03-30,011170,롯데케미칼,0.96
2018-03-30,032830,삼성생명,0.9
2018-03-30,009540,현대중공업,0.88
2018-03-30,004020,현대제철,0.86
2018-03-30,003550,LG,0.81
2018-03-30,033780,KT&G,0.77
2018-03-30,000810,삼성화재,0.76
2018-03-30,034730,SK,0.75
2018-03-30,024110,기업은행,0.73
2018-03-30,035420,NAVER,0.65
2018-06-29,005930,삼성전자,25.65
2018-06-29,000660,SK하이닉스,7.67
2018-06-29,005380,현대차,4.61
2018-06-29,005490,POSCO,3.25
2018-06-29,105560,KB금융,2.85
2018-06-29,055550,신한지주,2.81
2018-06-29,015760,한국전력,2.7
2018-06-29,012330,현대모비스,2.57
2018-06-29,086790,하나금융지주,2.08
2018-06-29,000270,기아차,2.08
2018-06-29,096770,SK이노베이션,1.84
2018-06-29,017670,SK텔레콤,1.48
2018-06-29,000030,우리은행,1.43
2018-06-29,051910,LG화학,1.15
2018-06-29,066570,LG전자,1.12
2018-06-29,033780,KT&G,1.06
2018-06-29,030200,KT,1.05
2018-06-29,032830,삼성생명,1.05
2018-06-29,004020,현대제철,0.97
2018-06-29,003550,LG,0.95
2018-06-29,011170,롯데케미칼,0.9
2018-06-29,000810,삼성화재,0.89
2018-06-29,006400,삼성SDI,0.88
2018-06-29,024110,기업은행,0.86
2018-06-29,034220,LG디스플레이,0.8
2018-06-29,034730,SK,0.76
2018-06-29,028260,삼성물산,0.76
2018-06-29,035420,NAVER,0.74
2018-06-29,139480,이마트,0.73
2018-09-28,005930,삼성전자,25.59
2018-09-28,000660,SK하이닉스,6.77
2018-09-28,005380,현대차,4.73
2018-09-28,005490,POSCO,3.02
2018-09-28,105560,KB금융,2.87
2018-09-28,055550,신한지주,2.87
2018-09-28,012330,현대모비스,2.68
2018-09-28,015760,한국전력,2.39
2018-09-28,000270,기아차,2.34
2018-09-28,086790,하나금융지주,2.09
2018-09-28,096770,SK이노베이션,1.87
2018-09-28,017670,SK텔레콤,1.74
2018-09-28,000030,우리은행,1.48
2018-09-28,051910,LG화학,1.26
2018-09-28,030200,KT,1.12
2018-09-28,004020,현대제철,1.06
2018-09-28,006400,삼성SDI,1.04
2018-09-28,033780,KT&G,1.04
2018-09-28,032830,삼성생명,1.01
2018-09-28,003550,LG,0.95
2018-09-28,066570,LG전자,0.95
2018-09-28,000810,삼성화재,0.89
2018-09-28,034220,LG디스플레이,0.88
2018-09-28,028260,삼성물산,0.84
2018-09-28,024110,기업은행,0.83
2018-09-28,034730,SK,0.83
2018-09-28,011170,롯데케미칼,0.73
2018-09-28,010950,S-Oil,0.72
2018-09-28,035420,NAVER,0.7
2018-12-28,005930,삼성전자,24.78
2018-12-28,000660,SK하이닉스,8.01
2018-12-28,005380,현대차,4.74
2018-12-28,005490,POSCO,3.28
2018-12-28,055550,신한지주,2.98
2018-12-28,105560,KB금융,2.9
2018-12-28,015760,한국전력,2.71
2018-12-28,012330,현대모비스,2.35
2018-12-28,086790,하나금융지주,2.22
2018-12-28,000270,기아차,2.08
2018-12-28,017670,SK텔레콤,1.66
2018-12-28,096770,SK이노베이션,1.66
2018-12-28,000030,우리은행,1.57
2018-12-28,032830,삼성생명,1.13
2018-12-28,051910,LG화학,1.12
2018-12-28,030200,KT,1.08
2018-12-28,066570,LG전자,1.06
2018-12-28,004020,현대제철,1.05
2018-12-28,006400,삼성SDI,1.05
2018-12-28,003550,LG,1.04
2018-12-28,033780,KT&G,0.94
2018-12-28,024110,기업은행,0.94
2018-12-28,028260,삼성물산,0.89
2018-12-28,034730,SK,0.88
2018-12-28,034220,LG디스플레이,0.88
2018-12-28,000810,삼성화재,0.87
2018-12-28,011170,롯데케미칼,0.85
2018-12-28,139480,이마트,0.73
2018-12-28,138930,BNK금융지주,0.65
2019-03-29,005930,삼성전자,27.67
2019-03-29,000660,SK하이닉스,8.96
2019-03-29,005380,현대차,4.56
2019-03-29,005490,POSCO,3.29
2019-03-29,055550,신한지주,3.06
2019-03-29,012330,현대모비스,2.48
2019-03-29,105560,KB금융,2.48
2019-03-29,015760,한국전력,2.43
2019-03-29,086790,하나금융지주,2.12
2019-03-29,000270,기아차,2.06
2019-03-29,096770,SK이노베이션,1.65
2019-03-29,017670,SK텔레콤,1.49
2019-03-29,066570,LG전자,1.18
2019-03-29,051910,LG화학,1.12
2019-03-29,003550,LG,1.11
2019-03-29,032830,삼성생명,1.11
2019-03-29,004020,현대제철,0.98
2019-03-29,030200,KT,0.96
2019-03-29,006400,삼성SDI,0.95
2019-03-29,000810,삼성화재,0.95
2019-03-29,033780,KT&G,0.94
2019-03-29,034220,LG디스플레이,0.89
2019-03-29,024110,기업은행,0.89
2019-03-29,034730,SK,0.87
2019-03-29,028260,삼성물산,0.86
2019-03-29,011170,롯데케미칼,0.82
2019-03-29,139480,이마트,0.64
2019-03-29,078930,GS,0.59
2019-03-29,009150,삼성전기,0.58
2019-06-28,005930,삼성전자,21.67
2019-06-28,000660,SK하이닉스,5.17
2019-06-28,005380,현대차,4.77
2019-06-28,055550,신한지주,3.57
2019-06-28,005490,POSCO,3.3
2019-06-28,105560,KB금융,3.25
2019-06-28,015760,한국전력,2.84
2019-06-28,012330,현대모비스,2.68
2019-06-28,086790,하나금융지주,2.47
2019-06-28,017670,SK텔레콤,2.38
2019-06-28,000270,기아차,2.22
2019-06-28,316140,우리금융지주,1.78
2019-06-28,096770,SK이노베이션,1.53
2019-06-28,030200,KT,1.5
2019-06-28,032830,삼성생명,1.24
2019-06-28,051910,LG화학,1.23
2019-06-28,003550,LG,1.14
2019-06-28,066570,LG전자,1.13
2019-06-28,000810,삼성화재,1.1
2019-06-28,033780,KT&G,1.08
2019-06-28,024110,기업은행,1.08
2019-06-28,034730,SK,1.01
2019-06-28,028260,삼성물산,1
2019-06-28,004020,현대제철,0.98
2019-06-28,006400,삼성SDI,0.94
2019-06-28,034220,LG디스플레이,0.82
2019-06-28,011170,롯데케미칼,0.79
2019-06-28,035420,NAVER,0.73
2019-06-28,032640,LG유플러스,0.73
2019-09-30,005930,삼성전자,23.28
2019-09-30,000660,SK하이닉스,6.19
2019-09-30,005380,현대차,4.67
2019-09-30,055550,신한지주,3.41
2019-09-30,005490,POSCO,3.14
2019-09-30,105560,KB금융,3.11
2019-09-30,015760,한국전력,2.94
2019-09-30,012330,현대모비스,2.93
2019-09-30,086790,하나금융지주,2.38
2019-09-30,000270,기아차,2.37
2019-09-30,017670,SK텔레콤,2.29
2019-09-30,096770,SK이노베이션,1.62
2019-09-30,316140,우리금융지주,1.57
2019-09-30,030200,KT,1.51
2019-09-30,033780,KT&G,1.18
2019-09-30,051910,LG화학,1.1
2019-09-30,032830,삼성생명,1.07
2019-09-30,003550,LG,1.05
2019-09-30,035420,NAVER,1.02
2019-09-30,024110,기업은행,1.02
2019-09-30,066570,LG전자,0.98
2019-09-30,000810,삼성화재,0.96
2019-09-30,028260,삼성물산,0.96
2019-09-30,004020,현대제철,0.93
2019-09-30,006400,삼성SDI,0.91
2019-09-30,034730,SK,0.9
2019-09-30,011170,롯데케미칼,0.74
2019-09-30,032640,LG유플러스,0.69
2019-09-30,138930,BNK금융지주,0.68
2019-12-30,005930,삼성전자,22.83
2019-12-30,005380,현대차,5.12
2019-12-30,000660,SK하이닉스,4.69
2019-12-30,055550,신한지주,3.77
2019-12-30,005490,POSCO,3.25
2019-12-30,105560,KB금융,3.24
2019-12-30,015760,한국전력,2.7
2019-12-30,012330,현대모비스,2.64
2019-12-30,086790,하나금융지주,2.56
2019-12-30,000270,기아차,2.21
2019-12-30,017670,SK텔레콤,2.03
2019-12-30,316140,우리금융지주,1.87
2019-12-30,096770,SK이노베이션,1.48
2019-12-30,030200,KT,1.44
2019-12-30,032830,삼성생명,1.18
2019-12-30,051910,LG화학,1.15
2019-12-30,033780,KT&G,1.15
2019-12-30,066570,LG전자,1.12
2019-12-30,003550,LG,1.11
2019-12-30,024110,기업은행,1.06
2019-12-30,034730,SK,1.04
2019-12-30,028260,삼성물산,1.02
2019-12-30,006400,삼성SDI,1.02
2019-12-30,000810,삼성화재,1
2019-12-30,004020,현대제철,0.91
2019-12-30,011170,롯데케미칼,0.74
2019-12-30,138930,BNK금융지주,0.74
2019-12-30,035420,NAVER,0.69
2019-12-30,032640,LG유플러스,0.67
2020-03-31,005930,삼성전자,26.2
2020-03-31,000660,SK하이닉스,5.55
2020-03-31,005380,현대차,4.91
2020-03-31,055550,신한지주,3.18
2020-03-31,105560,KB금융,3.17
2020-03-31,005490,POSCO,2.95
2020-03-31,015760,한국전력,2.5
2020-03-31,012330,현대모비스,2.29
2020-03-31,086790,하나금융지주,2.13
2020-03-31,017670,SK텔레콤,2.04
2020-03-31,000270,기아차,1.69
2020-03-31,316140,우리금융지주,1.63
2020-03-31,051910,LG화학,1.53
2020-03-31,006400,삼성SDI,1.45
2020-03-31,030200,KT,1.44
2020-03-31,033780,KT&G,1.21
2020-03-31,003550,LG,1.19
2020-03-31,096770,SK이노베이션,1.14
2020-03-31,028260,삼성물산,1.12
2020-03-31,066570,LG전자,1.03
2020-03-31,032830,삼성생명,0.89
2020-03-31,024110,기업은행,0.88
2020-03-31,034730,SK,0.86
2020-03-31,036570,엔씨소프트,0.85
2020-03-31,035420,NAVER,0.83
2020-03-31,000810,삼성화재,0.82
2020-03-31,011170,롯데케미칼,0.8
2020-03-31,139480,이마트,0.69
2020-03-31,004020,현대제철,0.69
2020-06-30,005930,삼성전자,35.82
2020-06-30,105560,KB금융,4.52
2020-06-30,055550,신한지주,4.5
2020-06-30,005490,POSCO,4.38
2020-06-30,000270,기아차,3.08
2020-06-30,017670,SK텔레콤,3.03
2020-06-30,086790,하나금융지주,3.03
2020-06-30,015760,한국전력,2.46
2020-06-30,030200,KT,2.03
2020-06-30,028260,삼성물산,1.92
2020-06-30,316140,우리금융지주,1.8
2020-06-30,066570,LG전자,1.76
2020-06-30,033780,KT&G,1.59
2020-06-30,035420,NAVER,1.46
2020-06-30,000810,삼성화재,1.28
2020-06-30,036570,엔씨소프트,1.11
2020-06-30,032640,LG유플러스,0.88
2020-06-30,034220,LG디스플레이,0.86
2020-06-30,009540,한국조선해양,0.85
2020-06-30,139480,이마트,0.85
2020-06-30,011170,롯데케미칼,0.85
2020-06-30,024110,기업은행,0.79
2020-06-30,035720,카카오,0.76
2020-06-30,000210,대림산업,0.75
2020-06-30,068270,셀트리온,0.73
2020-06-30,078930,GS,0.72
2020-06-30,051900,LG생활건강,0.72
2020-06-30,251270,넷마블,0.71
2020-06-30,161390,한국타이어앤테크놀로,0.65
2020-09-29,005930,삼성전자,36.06
2020-09-29,105560,KB금융,4.69
2020-09-29,005490,POSCO,4.42
2020-09-29,000270,기아차,3.96
2020-09-29,055550,신한지주,3.88
2020-09-29,017670,SK텔레콤,3.09
2020-09-29,086790,하나금융지주,2.85
2020-09-29,015760,한국전력,2.36
2020-09-29,066570,LG전자,2.31
2020-09-29,030200,KT,1.79
2020-09-29,316140,우리금융지주,1.6
2020-09-29,028260,삼성물산,1.56
2020-09-29,033780,KT&G,1.52
2020-09-29,035420,NAVER,1.49
2020-09-29,000810,삼성화재,1.18
2020-09-29,251270,넷마블,1.13
2020-09-29,034220,LG디스플레이,1.06
2020-09-29,139480,이마트,1.04
2020-09-29,035720,카카오,0.95
2020-09-29,011170,롯데케미칼,0.91
2020-09-29,036570,엔씨소프트,0.9
2020-09-29,161390,한국타이어앤테크놀로,0.79
2020-09-29,032640,LG유플러스,0.74
2020-09-29,051900,LG생활건강,0.73
2020-09-29,024110,기업은행,0.72
2020-09-29,009540,한국조선해양,0.71
2020-09-29,000210,대림산업,0.67
2020-09-29,078930,GS,0.56
2020-09-29,068270,셀트리온,0.54
2020-12-30,005930,삼성전자,26.05
2020-12-30,005490,POSCO,4.85
2020-12-30,105560,KB금융,4.51
2020-12-30,066570,LG전자,3.81
2020-12-30,055550,신한지주,3.73
2020-12-30,017670,SK텔레콤,3.48
2020-12-30,000270,기아차,3.13
2020-12-30,028260,삼성물산,2.9
2020-12-30,086790,하나금융지주,2.75
2020-12-30,015760,한국전력,2.39
2020-12-30,035420,NAVER,2.28
2020-12-30,033780,KT&G,2.11
2020-12-30,000810,삼성화재,1.84
2020-12-30,036570,엔씨소프트,1.67
2020-12-30,030200,KT,1.53
2020-12-30,316140,우리금융지주,1.53
2020-12-30,009540,한국조선해양,1.36
2020-12-30,035720,카카오,1.23
2020-12-30,051900,LG생활건강,1.15
2020-12-30,011170,롯데케미칼,1.13
2020-12-30,251270,넷마블,1.07
2020-12-30,068270,셀트리온,1.01
2020-12-30,032640,LG유플러스,0.97
2020-12-30,139480,이마트,0.95
2020-12-30,018260,삼성에스디에스,0.87
2020-12-30,097950,CJ제일제당,0.82
2020-12-30,010130,고려아연,0.7
2020-12-30,024110,기업은행,0.64
2020-12-30,005830,DB손해보험,0.61
2021-03-31,005930,삼성전자,24.65
2021-03-31,005490,POSCO,5.19
2021-03-31,105560,KB금융,5.14
2021-03-31,066570,LG전자,3.97
2021-03-31,000270,기아차,3.81
2021-03-31,055550,신한지주,3.8
2021-03-31,017670,SK텔레콤,3.55
2021-03-31,086790,하나금융지주,3
2021-03-31,035420,NAVER,2.74
2021-03-31,028260,삼성물산,2.35
2021-03-31,033780,KT&G,1.86
2021-03-31,015760,한국전력,1.74
2021-03-31,000810,삼성화재,1.66
2021-03-31,030200,KT,1.58
2021-03-31,009540,한국조선해양,1.54
2021-03-31,316140,우리금융지주,1.43
2021-03-31,035720,카카오,1.42
2021-03-31,036570,엔씨소프트,1.39
2021-03-31,011170,롯데케미칼,1.16
2021-03-31,051900,LG생활건강,1.02
2021-03-31,139480,이마트,0.99
2021-03-31,251270,넷마블,0.97
2021-03-31,032640,LG유플러스,0.92
2021-03-31,018260,삼성에스디에스,0.87
2021-03-31,011780,금호석유,0.85
2021-03-31,068270,셀트리온,0.81
2021-03-31,097950,CJ제일제당,0.79
2021-03-31,090430,아모레퍼시픽,0.72
2021-03-31,010130,고려아연,0.63
2021-06-30,005930,삼성전자,25.01
2021-06-30,000660,SK하이닉스,9.51
2021-06-30,005490,POSCO,5.14
2021-06-30,105560,KB금융,4.78
2021-06-30,055550,신한지주,3.88
2021-06-30,000270,기아,3.65
2021-06-30,017670,SK텔레콤,3.13
2021-06-30,086790,하나금융지주,3
2021-06-30,066570,LG전자,2.48
2021-06-30,035420,NAVER,1.81
2021-06-30,015760,한국전력,1.72
2021-06-30,028260,삼성물산,1.7
2021-06-30,030200,KT,1.46
2021-06-30,316140,우리금융지주,1.45
2021-06-30,000810,삼성화재,1.42
2021-06-30,033780,KT&G,1.32
2021-06-30,011170,롯데케미칼,1.09
2021-06-30,035720,카카오,1.06
2021-06-30,036570,엔씨소프트,0.96
2021-06-30,011200,HMM,0.92
2021-06-30,032640,LG유플러스,0.9
2021-06-30,051900,LG생활건강,0.83
2021-06-30,139480,이마트,0.75
2021-06-30,009540,한국조선해양,0.7
2021-06-30,161390,한국타이어앤테크놀로,0.68
2021-06-30,068270,셀트리온,0.66
2021-06-30,251270,넷마블,0.66
2021-06-30,024110,기업은행,0.63
2021-06-30,011780,금호석유,0.63
2021-09-30,005930,삼성전자,24.78
2021-09-30,000660,SK하이닉스,8.25
2021-09-30,005490,POSCO,5.3
2021-09-30,105560,KB금융,5.09
2021-09-30,055550,신한지주,4.09
2021-09-30,000270,기아,3.6
2021-09-30,017670,SK텔레콤,3.34
2021-09-30,086790,하나금융지주,3.19
2021-09-30,066570,LG전자,2.15
2021-09-30,035420,NAVER,1.86
2021-09-30,015760,한국전력,1.77
2021-09-30,028260,삼성물산,1.65
2021-09-30,000810,삼성화재,1.61
2021-09-30,030200,KT,1.61
2021-09-30,316140,우리금융지주,1.53
2021-09-30,033780,KT&G,1.37
2021-09-30,011170,롯데케미칼,1.13
2021-09-30,032640,LG유플러스,0.95
2021-09-30,011200,HMM,0.84
2021-09-30,035720,카카오,0.84
2021-09-30,139480,이마트,0.82
2021-09-30,005830,DB손해보험,0.74
2021-09-30,036570,엔씨소프트,0.72
2021-09-30,068270,셀트리온,0.71
2021-09-30,051900,LG생활건강,0.68
2021-09-30,024110,기업은행,0.67
2021-09-30,010130,고려아연,0.63
2021-09-30,138930,BNK금융지주,0.63
2021-09-30,251270,넷마블,0.61
2021-12-30,005930,삼성전자,25.54
2021-12-30,105560,KB금융,4.72
2021-12-30,000270,기아,4.6
2021-12-30,005490,POSCO,4.19
2021-12-30,055550,신한지주,3.68
2021-12-30,066570,LG전자,3.16
2021-12-30,086790,하나금융지주,2.77
2021-12-30,051910,LG화학,2.75
2021-12-30,017670,SK텔레콤,2.26
2021-12-30,028260,삼성물산,2.18
2021-12-30,316140,우리금융지주,1.76
2021-12-30,015760,한국전력,1.7
2021-12-30,030200,KT,1.63
2021-12-30,000810,삼성화재,1.62
2021-12-30,035420,NAVER,1.58
2021-12-30,033780,KT&G,1.44
2021-12-30,034220,LG디스플레이,1.33
2021-12-30,032640,LG유플러스,0.97
2021-12-30,035720,카카오,0.94
2021-12-30,011200,HMM,0.85
2021-12-30,009540,한국조선해양,0.84
2021-12-30,011170,롯데케미칼,0.83
2021-12-30,010130,고려아연,0.78
2021-12-30,051900,LG생활건강,0.78
2021-12-30,011070,LG이노텍,0.77
2021-12-30,036570,엔씨소프트,0.77
2021-12-30,139480,이마트,0.75
2021-12-30,018260,삼성에스디에스,0.74
2021-12-30,251270,넷마블,0.69
2022-03-31,005930,삼성전자,23.63
2022-03-31,105560,KB금융,5.34
2022-03-31,005490,POSCO홀딩스,4.54
2022-03-31,055550,신한지주,4.25
2022-03-31,000270,기아,4.24
2022-03-31,086790,하나금융지주,3.28
2022-03-31,066570,LG전자,2.83
2022-03-31,051910,LG화학,2.4
2022-03-31,017670,SK텔레콤,2.27
2022-03-31,028260,삼성물산,2.21
2022-03-31,316140,우리금융지주,2.17
2022-03-31,030200,KT,1.88
2022-03-31,015760,한국전력,1.82
2022-03-31,000810,삼성화재,1.7
2022-03-31,033780,KT&G,1.53
2022-03-31,035420,NAVER,1.47
2022-03-31,034220,LG디스플레이,1.14
2022-03-31,032640,LG유플러스,1.02
2022-03-31,011200,HMM,0.94
2022-03-31,035720,카카오,0.92
2022-03-31,010130,고려아연,0.9
2022-03-31,011070,LG이노텍,0.85
2022-03-31,009540,한국조선해양,0.81
2022-03-31,011170,롯데케미칼,0.78
2022-03-31,005830,DB손해보험,0.77
2022-03-31,139480,이마트,0.73
2022-03-31,024110,기업은행,0.71
2022-03-31,251270,넷마블,0.67
2022-03-31,010950,S-Oil,0.66
2022-06-30,005930,삼성전자,24.91
2022-06-30,105560,KB금융,5.24
2022-06-30,000270,기아,5.11
2022-06-30,055550,신한지주,4.72
2022-06-30,005490,POSCO홀딩스,4.52
2022-06-30,086790,하나금융지주,3.24
2022-06-30,035420,NAVER,2.82
2022-06-30,316140,우리금융지주,2.58
2022-06-30,066570,LG전자,2.53
2022-06-30,028260,삼성물산,2.12
2022-06-30,030200,KT,2.03
2022-06-30,017670,SK텔레콤,1.67
2022-06-30,000810,삼성화재,1.56
2022-06-30,011200,HMM,1.47
2022-06-30,033780,KT&G,1.31
2022-06-30,402340,SK스퀘어,1.17
2022-06-30,035720,카카오,1.1
2022-06-30,034220,LG디스플레이,1.03
2022-06-30,032640,LG유플러스,0.9
2022-06-30,011170,롯데케미칼,0.87
2022-06-30,009540,한국조선해양,0.77
2022-06-30,024110,기업은행,0.76
2022-06-30,011070,LG이노텍,0.75
2022-06-30,005830,DB손해보험,0.71
2022-06-30,051900,LG생활건강,0.71
2022-06-30,068270,셀트리온,0.7
2022-06-30,139480,이마트,0.67
2022-06-30,259960,크래프톤,0.64
2022-06-30,016360,삼성증권,0.62
2022-09-30,005930,삼성전자,25.01
2022-09-30,000270,기아,5.47
2022-09-30,105560,KB금융,5.35
2022-09-30,005490,POSCO홀딩스,4.69
2022-09-30,055550,신한지주,4.67
2022-09-30,086790,하나금융지주,3.28
2022-09-30,316140,우리금융지주,2.58
2022-09-30,035420,NAVER,2.5
2022-09-30,066570,LG전자,2.41
2022-09-30,030200,KT,2.16
2022-09-30,028260,삼성물산,2.02
2022-09-30,017670,SK텔레콤,1.75
2022-09-30,000810,삼성화재,1.63
2022-09-30,033780,KT&G,1.53
2022-09-30,011200,HMM,1.22
2022-09-30,402340,SK스퀘어,1.13
2022-09-30,035720,카카오,0.97
2022-09-30,034220,LG디스플레이,0.92
2022-09-30,024110,기업은행,0.84
2022-09-30,032640,LG유플러스,0.83
2022-09-30,011170,롯데케미칼,0.75
2022-09-30,010130,고려아연,0.74
2022-09-30,068270,셀트리온,0.74
2022-09-30,005830,DB손해보험,0.72
2022-09-30,051900,LG생활건강,0.72
2022-09-30,009540,한국조선해양,0.7
2022-09-30,097950,CJ제일제당,0.67
2022-09-30,011070,LG이노텍,0.64
2022-09-30,016360,삼성증권,0.64
2022-12-29,005930,삼성전자,24.55
2022-12-29,005490,POSCO홀딩스,6.13
2022-12-29,105560,KB금융,5.33
2022-12-29,000270,기아,4.83
2022-12-29,055550,신한지주,4.8
2022-12-29,086790,하나금융지주,3.32
2022-12-29,035420,NAVER,2.46
2022-12-29,316140,우리금융지주,2.41
2022-12-29,066570,LG전자,2.2
2022-12-29,028260,삼성물산,2.1
2022-12-29,030200,KT,1.89
2022-12-29,032830,삼성생명,1.8
2022-12-29,000810,삼성화재,1.52
2022-12-29,011200,HMM,1.44
2022-12-29,033780,KT&G,1.28
2022-12-29,017670,SK텔레콤,1.27
2022-12-29,035720,카카오,0.93
2022-12-29,011170,롯데케미칼,0.87
2022-12-29,005830,DB손해보험,0.87
2022-12-29,009540,한국조선해양,0.84
2022-12-29,032640,LG유플러스,0.83
2022-12-29,024110,기업은행,0.78
2022-12-29,267250,HD현대,0.73
2022-12-29,010950,S-Oil,0.73
2022-12-29,161390,한국타이어앤테크놀로지,0.73
2022-12-29,011070,LG이노텍,0.69
2022-12-29,078930,GS,0.64
2022-12-29,051900,LG생활건강,0.63
2022-12-29,086280,현대글로비스,0.62
2023-03-31,005930,삼성전자,26.25
2023-03-31,005490,POSCO홀딩스,6.84
2023-03-31,000270,기아,6.03
2023-03-31,105560,KB금융,4.87
2023-03-31,055550,신한지주,4.49
2023-03-31,086790,하나금융지주,3.04
2023-03-31,066570,LG전자,2.67
2023-03-31,035420,NAVER,2.63
2023-03-31,316140,우리금융지주,2.19
2023-03-31,028260,삼성물산,1.85
2023-03-31,030200,KT,1.55
2023-03-31,032830,삼성생명,1.51
2023-03-31,000810,삼성화재,1.46
2023-03-31,011200,HMM,1.37
2023-03-31,017670,SK텔레콤,1.21
2023-03-31,033780,KT&G,1.13
2023-03-31,035720,카카오,1
2023-03-31,005830,DB손해보험,0.94
2023-03-31,011170,롯데케미칼,0.86
2023-03-31,009540,한국조선해양,0.84
2023-03-31,032640,LG유플러스,0.75
2023-03-31,024110,기업은행,0.74
2023-03-31,161390,한국타이어앤테크놀로지,0.72
2023-03-31,011070,LG이노텍,0.68
2023-03-31,267250,HD현대,0.67
2023-03-31,010950,S-Oil,0.65
2023-03-31,251270,넷마블,0.61
2023-03-31,001450,현대해상,0.6
2023-03-31,086280,현대글로비스,0.57
2023-06-30,005930,삼성전자,25.84
2023-06-30,005380,현대차,7.14
2023-06-30,000270,기아,4.92
2023-06-30,105560,KB금융,4.68
2023-06-30,055550,신한지주,4.17
2023-06-30,012330,현대모비스,3.42
2023-06-30,086790,하나금융지주,2.96
2023-06-30,316140,우리금융지주,2.17
2023-06-30,066570,LG전자,1.93
2023-06-30,030200,KT,1.69
2023-06-30,035420,NAVER,1.67
2023-06-30,003550,LG,1.64
2023-06-30,028260,삼성물산,1.44
2023-06-30,015760,한국전력,1.26
2023-06-30,011200,HMM,1.21
2023-06-30,033780,KT&G,1.03
2023-06-30,032830,삼성생명,1.01
2023-06-30,017670,SK텔레콤,0.93
2023-06-30,000810,삼성화재,0.92
2023-06-30,009540,HD한국조선해양,0.83
2023-06-30,003490,대한항공,0.81
2023-06-30,024110,기업은행,0.78
2023-06-30,009150,삼성전기,0.68
2023-06-30,267250,HD현대,0.67
2023-06-30,011170,롯데케미칼,0.65
2023-06-30,032640,LG유플러스,0.63
2023-06-30,005830,DB손해보험,0.61
2023-06-30,161390,한국타이어앤테크놀로지,0.6
2023-06-30,010060,OCI홀딩스,0.59
2023-09-27,005930,삼성전자,24.5
2023-09-27,005380,현대차,6.67
2023-09-27,105560,KB금융,5.54
2023-09-27,000270,기아,4.63
2023-09-27,055550,신한지주,4.39
2023-09-27,012330,현대모비스,3.67
2023-09-27,086790,하나금융지주,3.25
2023-09-27,316140,우리금융지주,2.29
2023-09-27,030200,KT,1.86
2023-09-27,035420,NAVER,1.83
2023-09-27,003550,LG,1.59
2023-09-27,066570,LG전자,1.55
2023-09-27,028260,삼성물산,1.49
2023-09-27,015760,한국전력,1.13
2023-09-27,000810,삼성화재,1.08
2023-09-27,033780,KT&G,1.08
2023-09-27,011200,HMM,1.07
2023-09-27,032830,삼성생명,1.06
2023-09-27,017670,SK텔레콤,1.04
2023-09-27,024110,기업은행,0.86
2023-09-27,009540,HD한국조선해양,0.83
2023-09-27,005830,DB손해보험,0.75
2023-09-27,003490,대한항공,0.74
2023-09-27,267250,HD현대,0.73
2023-09-27,161390,한국타이어앤테크놀로지,0.71
2023-09-27,009150,삼성전기,0.65
2023-09-27,032640,LG유플러스,0.61
2023-09-27,010130,고려아연,0.59
2023-09-27,011170,롯데케미칼,0.59
2023-12-28,005930,삼성전자,25.75
2023-12-28,005380,현대차,6.64
2023-12-28,000270,기아,5.65
2023-12-28,105560,KB금융,5.12
2023-12-28,055550,신한지주,4.5
2023-12-28,012330,현대모비스,3.48
2023-12-28,086790,하나금융지주,3.03
2023-12-28,316140,우리금융지주,2.33
2023-12-28,066570,LG전자,1.84
2023-12-28,035420,NAVER,1.7
2023-12-28,003550,LG,1.61
2023-12-28,000810,삼성화재,1.55
2023-12-28,028260,삼성물산,1.55
2023-12-28,030200,KT,1.5
2023-12-28,015760,한국전력,1.24
2023-12-28,032830,삼성생명,1.22
2023-12-28,011200,HMM,1.12
2023-12-28,017670,SK텔레콤,0.92
2023-12-28,033780,KT&G,0.91
2023-12-28,138040,메리츠금융지주,0.86
2023-12-28,024110,기업은행,0.86
2023-12-28,005830,DB손해보험,0.84
2023-12-28,003490,대한항공,0.78
2023-12-28,009540,HD한국조선해양,0.75
2023-12-28,161390,한국타이어앤테크놀로지,0.64
2023-12-28,032640,LG유플러스,0.6
2023-12-28,086280,현대글로비스,0.57
2023-12-28,011170,롯데케미칼,0.53
2023-12-28,267250,HD현대,0.52
2024-03-29,005930,삼성전자,24.27
2024-03-29,005380,현대차,7.2
2024-03-29,105560,KB금융,6.23
2024-03-29,000270,기아,5.88
2024-03-29,055550,신한지주,4.88
2024-03-29,086790,하나금융지주,3.78
2024-03-29,012330,현대모비스,3.66
2024-03-29,316140,우리금융지주,2.37
2024-03-29,028260,삼성물산,1.75
2024-03-29,000810,삼성화재,1.69
2024-03-29,066570,LG전자,1.6
2024-03-29,032830,삼성생명,1.53
2024-03-29,030200,KT,1.51
2024-03-29,003550,LG,1.51
2024-03-29,015760,한국전력,1.33
2024-03-29,035420,NAVER,1.27
2024-03-29,138040,메리츠금융지주,1.14
2024-03-29,024110,기업은행,0.92
2024-03-29,033780,KT&G,0.9
2024-03-29,005830,DB손해보험,0.9
2024-03-29,017670,SK텔레콤,0.89
2024-03-29,011200,HMM,0.8
2024-03-29,161390,한국타이어앤테크놀로지,0.72
2024-03-29,009540,HD한국조선해양,0.68
2024-03-29,003490,대한항공,0.65
2024-03-29,078930,GS,0.54
2024-03-29,175330,JB금융지주,0.54
2024-03-29,032640,LG유플러스,0.54
2024-03-29,267250,HD현대,0.53
2024-06-28,005930,삼성전자,25.23
2024-06-28,005380,현대차,7.16
2024-06-28,000270,기아,5.4
2024-06-28,055550,신한지주,4.7
2024-06-28,105560,KB금융,4.62
2024-06-28,012330,현대모비스,3.65
2024-06-28,086790,하나금융지주,3.57
2024-06-28,316140,우리금융지주,2.4
2024-06-28,066570,LG전자,1.81
2024-06-28,028260,삼성물산,1.8
2024-06-28,032830,삼성생명,1.7
2024-06-28,035420,NAVER,1.62
2024-06-28,000810,삼성화재,1.56
2024-06-28,015760,한국전력,1.51
2024-06-28,030200,KT,1.49
2024-06-28,068270,셀트리온,1.13
2024-06-28,005830,DB손해보험,0.99
2024-06-28,011200,HMM,0.97
2024-06-28,024110,기업은행,0.92
2024-06-28,033780,KT&G,0.91
2024-06-28,017670,SK텔레콤,0.9
2024-06-28,009540,HD한국조선해양,0.89
2024-06-28,138040,메리츠금융지주,0.88
2024-06-28,003490,대한항공,0.83
2024-06-28,161390,한국타이어앤테크놀로지,0.72
2024-06-28,086280,현대글로비스,0.68
2024-06-28,018260,삼성에스디에스,0.58
2024-06-28,032640,LG유플러스,0.57
2024-06-28,138930,BNK금융지주,0.56
2024-09-30,005930,삼성전자,20.7
2024-09-30,005380,현대차,6.38
2024-09-30,055550,신한지주,5.84
2024-09-30,105560,KB금융,5.15
2024-09-30,000270,기아,4.48
2024-09-30,086790,하나금융지주,3.74
2024-09-30,012330,현대모비스,3.36
2024-09-30,316140,우리금융지주,2.74
2024-09-30,032830,삼성생명,1.93
2024-09-30,028260,삼성물산,1.89
2024-09-30,066570,LG전자,1.84
2024-09-30,035420,NAVER,1.74
2024-09-30,030200,KT,1.72
2024-09-30,015760,한국전력,1.69
2024-09-30,000810,삼성화재,1.52
2024-09-30,068270,셀트리온,1.32
2024-09-30,033780,KT&G,1.2
2024-09-30,138040,메리츠금융지주,1.18
2024-09-30,009540,HD한국조선해양,1.09
2024-09-30,005830,DB손해보험,1.07
2024-09-30,017670,SK텔레콤,1.03
2024-09-30,011200,HMM,1.01
2024-09-30,024110,기업은행,0.98
2024-09-30,003490,대한항공,0.84
2024-09-30,086280,현대글로비스,0.77
2024-09-30,012450,한화에어로스페이스,0.76
2024-09-30,161390,한국타이어앤테크놀로지,0.71
2024-09-30,010130,고려아연,0.69
2024-09-30,018260,삼성에스디에스,0.65
2024-12-30,005930,삼성전자,24.71
2024-12-30,005380,현대차,6.46
2024-12-30,000270,기아,4.35
2024-12-30,105560,KB금융,4.01
2024-12-30,055550,신한지주,3.86
2024-12-30,086790,하나금융지주,2.92
2024-12-30,012330,현대모비스,2.73
2024-12-30,005490,POSCO홀딩스,2.52
2024-12-30,316140,우리금융지주,2.52
2024-12-30,015760,한국전력,1.6
2024-12-30,028260,삼성물산,1.45
2024-12-30,006400,삼성SDI,1.42
2024-12-30,035420,NAVER,1.41
2024-12-30,030200,KT,1.32
2024-12-30,066570,LG전자,1.28
2024-12-30,000810,삼성화재,1.27
2024-12-30,003550,LG,1.19
2024-12-30,068270,셀트리온,1.08
2024-12-30,024110,기업은행,1
2024-12-30,032830,삼성생명,1
2024-12-30,034730,SK,0.9
2024-12-30,005830,DB손해보험,0.86
2024-12-30,033780,KT&G,0.79
2024-12-30,009540,HD한국조선해양,0.78
2024-12-30,017670,SK텔레콤,0.76
2024-12-30,003490,대한항공,0.72
2024-12-30,138040,메리츠금융지주,0.7
2024-12-30,009150,삼성전기,0.67
2024-12-30,138930,BNK금융지주,0.64
2025-03-31,005930,삼성전자,26.31
2025-03-31,005380,현대차,5.85
2025-03-31,000270,기아,3.9
2025-03-31,055550,신한지주,3.62
2025-03-31,105560,KB금융,3.53
2025-03-31,086790,하나금융지주,2.95
2025-03-31,012330,현대모비스,2.94
2025-03-31,005490,POSCO홀딩스,2.76
2025-03-31,316140,우리금융지주,2.59
2025-03-31,015760,한국전력,1.68
2025-03-31,028260,삼성물산,1.42
2025-03-31,030200,KT,1.39
2025-03-31,035420,NAVER,1.32
2025-03-31,000810,삼성화재,1.18
2025-03-31,066570,LG전자,1.15
2025-03-31,006400,삼성SDI,1.09
2025-03-31,068270,셀트리온,1.01
2025-03-31,003550,LG,1.01
2025-03-31,024110,기업은행,0.96
2025-03-31,034730,SK,0.87
2025-03-31,032830,삼성생명,0.83
2025-03-31,138040,메리츠금융지주,0.8
2025-03-31,012450,한화에어로스페이스,0.73
2025-03-31,033780,KT&G,0.71
2025-03-31,017670,SK텔레콤,0.71
2025-03-31,005830,DB손해보험,0.69
2025-03-31,009150,삼성전기,0.69
2025-03-31,003490,대한항공,0.65
2025-03-31,009540,HD한국조선해양,0.65
2025-06-30,005930,삼성전자,23.55
2025-06-30,005380,현대차,5.65
2025-06-30,055550,신한지주,3.8
2025-06-30,105560,KB금융,3.8
2025-06-30,000270,기아,3.55
2025-06-30,086790,하나금융지주,3.08
2025-06-30,015760,한국전력,2.78
2025-06-30,012330,현대모비스,2.64
2025-06-30,316140,우리금융지주,2.58
2025-06-30,005490,POSCO홀딩스,2.19
2025-06-30,035420,NAVER,1.8
2025-06-30,028260,삼성물산,1.38
2025-06-30,003550,LG,1.28
2025-06-30,030200,KT,1.17
2025-06-30,066570,LG전자,1.11
2025-06-30,051910,LG화학,1.1
2025-06-30,006400,삼성SDI,1.08
2025-06-30,009540,HD한국조선해양,1.08
2025-06-30,024110,기업은행,0.94
2025-06-30,034730,SK,0.93
2025-06-30,000810,삼성화재,0.89
2025-06-30,068270,셀트리온,0.86
2025-06-30,005830,DB손해보험,0.82
2025-06-30,003490,대한항공,0.81
2025-06-30,012450,한화에어로스페이스,0.81
2025-06-30,033780,KT&G,0.75
2025-06-30,032830,삼성생명,0.71
2025-06-30,017670,SK텔레콤,0.71
2025-06-30,138930,BNK금융지주,0.68
2025-09-30,005930,삼성전자,28.67
2025-09-30,005380,현대차,5.21
2025-09-30,055550,신한지주,3.92
2025-09-30,105560,KB금융,3.49
2025-09-30,000270,기아,3.22
2025-09-30,086790,하나금융지주,2.85
2025-09-30,316140,우리금융지주,2.69
2025-09-30,012330,현대모비스,2.37
2025-09-30,015760,한국전력,2.3
2025-09-30,005490,POSCO홀딩스,2.07
2025-09-30,035420,NAVER,1.69
2025-09-30,028260,삼성물산,1.43
2025-09-30,051910,LG화학,1.29
2025-09-30,006400,삼성SDI,1.16
2025-09-30,009540,HD한국조선해양,1.04
2025-09-30,003550,LG,1.02
2025-09-30,066570,LG전자,1.01
2025-09-30,030200,KT,0.96
2025-09-30,024110,기업은행,0.88
2025-09-30,034730,SK,0.86
2025-09-30,012450,한화에어로스페이스,0.85
2025-09-30,068270,셀트리온,0.85
2025-09-30,000810,삼성화재,0.83
2025-09-30,005830,DB손해보험,0.83
2025-09-30,032830,삼성생명,0.77
2025-09-30,033780,KT&G,0.73
2025-09-30,003490,대한항공,0.71
2025-09-30,009150,삼성전기,0.7
2025-09-30,138930,BNK금융지주,0.7
2025-12-30,005930,삼성전자,27.21
2025-12-30,005380,현대차,5.1
2025-12-30,055550,신한지주,3.91
2025-12-30,105560,KB금융,3.85
2025-12-30,000270,기아,3.12
2025-12-30,086790,하나금융지주,3.11
2025-12-30,316140,우리금융지주,2.54
2025-12-30,012330,현대모비스,2.48
2025-12-30,005490,POSCO홀딩스,2.34
2025-12-30,015760,한국전력,2.25
2025-12-30,035420,NAVER,1.57
2025-12-30,028260,삼성물산,1.41
2025-12-30,003550,LG,1.17
2025-12-30,030200,KT,1.16
2025-12-30,009540,HD한국조선해양,1.14
2025-12-30,006400,삼성SDI,1.11
2025-12-30,066570,LG전자,0.96
2025-12-30,032830,삼성생명,0.96
2025-12-30,051910,LG화학,0.94
2025-12-30,012450,한화에어로스페이스,0.9
2025-12-30,024110,기업은행,0.89
2025-12-30,068270,셀트리온,0.87
2025-12-30,034730,SK,0.86
2025-12-30,005830,DB손해보험,0.8
2025-12-30,000810,삼성화재,0.77
2025-12-30,003490,대한항공,0.77
2025-12-30,033780,KT&G,0.75
2025-12-30,011200,HMM,0.74
2025-12-30,138040,메리츠금융지주,0.71
